what,kind,bundleId,bundleVersion,description,time
deactivated,workbench,org.eclipse.ui.workbench,3.7.1.v20120104-1859,"",1331034886717
activated,workbench,org.eclipse.ui.workbench,3.7.1.v20120104-1859,"",1331034889937
deactivated,workbench,org.eclipse.ui.workbench,3.7.1.v20120104-1859,"",1331034897881
activated,workbench,org.eclipse.ui.workbench,3.7.1.v20120104-1859,"",1331034936575
deactivated,workbench,org.eclipse.ui.workbench,3.7.1.v20120104-1859,"",1331034941719
activated,workbench,org.eclipse.ui.workbench,3.7.1.v20120104-1859,"",1331034964135
activated,view,org.eclipse.ui.console,3.5.100.v20111007_r372,"org.eclipse.ui.console.ConsoleView",1331034982994
activated,editor,com.aptana.ide.editor.html,2.0.0.1278523018,"com.aptana.ide.editors.HTMLEditor",1331034983018
activated,editor,org.eclipse.wst.jsdt.ui,1.1.102.v201201131900,"org.eclipse.wst.jsdt.ui.CompilationUnitEditor",1331034985847
activated,editor,com.aptana.ide.editor.html,2.0.0.1278523018,"com.aptana.ide.editors.HTMLEditor",1331034994732
activated,editor,org.eclipse.wst.jsdt.ui,1.1.102.v201201131900,"org.eclipse.wst.jsdt.ui.CompilationUnitEditor",1331035014775
activated,editor,com.aptana.ide.editor.html,2.0.0.1278523018,"com.aptana.ide.editors.HTMLEditor",1331035045823
deactivated,workbench,org.eclipse.ui.workbench,3.7.1.v20120104-1859,"",1331035058626
activated,workbench,org.eclipse.ui.workbench,3.7.1.v20120104-1859,"",1331035125328
activated,editor,org.eclipse.wst.jsdt.ui,1.1.102.v201201131900,"org.eclipse.wst.jsdt.ui.CompilationUnitEditor",1331035125346
activated,editor,com.aptana.ide.editor.html,2.0.0.1278523018,"com.aptana.ide.editors.HTMLEditor",1331035128935
deactivated,workbench,org.eclipse.ui.workbench,3.7.1.v20120104-1859,"",1331035150730
activated,workbench,org.eclipse.ui.workbench,3.7.1.v20120104-1859,"",1331035198681
deactivated,workbench,org.eclipse.ui.workbench,3.7.1.v20120104-1859,"",1331035201768
started,bundle,com.aptana.ide.ui.io,2.0.5.1278614541,"com.aptana.ide.ui.io",1331035227677
started,bundle,com.aptana.ide.ssh,2.0.0.1254960199,"com.aptana.ide.ssh",1331035231730
started,bundle,com.aptana.ide.logging,2.0.0.1278523018,"com.aptana.ide.logging",1331035236302
started,bundle,org.eclipse.datatools.connectivity,1.2.4.v201202041105,"org.eclipse.datatools.connectivity",1331035315950
started,bundle,org.eclipse.datatools.connectivity.ui,1.2.2.v201111190813,"org.eclipse.datatools.connectivity.ui",1331035315973
started,bundle,com.aptana.ide.editor.yaml,2.0.0.1255038335,"com.aptana.ide.editor.yaml",1331035316983
closed,editor,org.eclipse.wst.jsdt.ui,1.1.102.v201201131900,"org.eclipse.wst.jsdt.ui.CompilationUnitEditor",1331035351781
closed,editor,com.aptana.ide.editor.html,2.0.0.1278523018,"com.aptana.ide.editors.HTMLEditor",1331035351811
opened,editor,org.eclipse.wst.jsdt.ui,1.1.102.v201201131900,"org.eclipse.wst.jsdt.ui.CompilationUnitEditor",1331035352084
activated,editor,org.eclipse.wst.jsdt.ui,1.1.102.v201201131900,"org.eclipse.wst.jsdt.ui.CompilationUnitEditor",1331035352109
opened,editor,com.aptana.ide.editor.html,2.0.0.1278523018,"com.aptana.ide.editors.HTMLEditor",1331035352404
activated,editor,com.aptana.ide.editor.html,2.0.0.1278523018,"com.aptana.ide.editors.HTMLEditor",1331035352504
activated,workbench,org.eclipse.ui.workbench,3.7.1.v20120104-1859,"",1331035352714
executed,command,org.eclipse.ui,3.7.0.v20110928-1505,"org.eclipse.ui.window.preferences",1331035352879
activated,editor,org.eclipse.wst.jsdt.ui,1.1.102.v201201131900,"org.eclipse.wst.jsdt.ui.CompilationUnitEditor",1331035368159
activated,editor,com.aptana.ide.editor.html,2.0.0.1278523018,"com.aptana.ide.editors.HTMLEditor",1331035371070
deactivated,workbench,org.eclipse.ui.workbench,3.7.1.v20120104-1859,"",1331035375660
activated,workbench,org.eclipse.ui.workbench,3.7.1.v20120104-1859,"",1331035382706
activated,editor,org.eclipse.wst.jsdt.ui,1.1.102.v201201131900,"org.eclipse.wst.jsdt.ui.CompilationUnitEditor",1331035390918
executed,command,org.eclipse.ui,3.7.0.v20110928-1505,"org.eclipse.ui.window.maximizePart",1331035399004
executed,command,org.eclipse.ui,3.7.0.v20110928-1505,"org.eclipse.ui.window.maximizePart",1331035399870
executed,command,org.eclipse.ui,3.7.0.v20110928-1505,"org.eclipse.ui.window.maximizePart",1331035402195
activated,editor,com.aptana.ide.editor.html,2.0.0.1278523018,"com.aptana.ide.editors.HTMLEditor",1331035408838
deactivated,workbench,org.eclipse.ui.workbench,3.7.1.v20120104-1859,"",1331035412728
activated,workbench,org.eclipse.ui.workbench,3.7.1.v20120104-1859,"",1331035431397
deactivated,workbench,org.eclipse.ui.workbench,3.7.1.v20120104-1859,"",1331035434797
closed,editor,org.eclipse.wst.jsdt.ui,1.1.102.v201201131900,"org.eclipse.wst.jsdt.ui.CompilationUnitEditor",1331035532774
closed,editor,com.aptana.ide.editor.html,2.0.0.1278523018,"com.aptana.ide.editors.HTMLEditor",1331035532799
opened,editor,org.eclipse.wst.jsdt.ui,1.1.102.v201201131900,"org.eclipse.wst.jsdt.ui.CompilationUnitEditor",1331035533010
activated,editor,org.eclipse.wst.jsdt.ui,1.1.102.v201201131900,"org.eclipse.wst.jsdt.ui.CompilationUnitEditor",1331035533025
opened,editor,com.aptana.ide.editor.html,2.0.0.1278523018,"com.aptana.ide.editors.HTMLEditor",1331035533289
activated,editor,com.aptana.ide.editor.html,2.0.0.1278523018,"com.aptana.ide.editors.HTMLEditor",1331035533374
activated,workbench,org.eclipse.ui.workbench,3.7.1.v20120104-1859,"",1331035533504
executed,command,org.eclipse.ui,3.7.0.v20110928-1505,"org.eclipse.ui.window.preferences",1331035533642
activated,editor,org.eclipse.wst.jsdt.ui,1.1.102.v201201131900,"org.eclipse.wst.jsdt.ui.CompilationUnitEditor",1331035535750
activated,editor,com.aptana.ide.editor.html,2.0.0.1278523018,"com.aptana.ide.editors.HTMLEditor",1331035537059
closed,editor,org.eclipse.wst.jsdt.ui,1.1.102.v201201131900,"org.eclipse.wst.jsdt.ui.CompilationUnitEditor",1331035537059
closed,editor,com.aptana.ide.editor.html,2.0.0.1278523018,"com.aptana.ide.editors.HTMLEditor",1331035538451
deactivated,workbench,org.eclipse.ui.workbench,3.7.1.v20120104-1859,"",1331035551632
activated,workbench,org.eclipse.ui.workbench,3.7.1.v20120104-1859,"",1331035658164
executed,command,org.eclipse.ui,3.7.0.v20110928-1505,"org.eclipse.ui.window.preferences",1331035658195
activated,view,org.eclipse.wst.jsdt.ui,1.1.102.v201201131900,"org.eclipse.wst.jsdt.ui.PackageExplorer",1331035662798
opened,editor,org.eclipse.wst.jsdt.ui,1.1.102.v201201131900,"org.eclipse.wst.jsdt.ui.CompilationUnitEditor",1331035665215
activated,editor,org.eclipse.wst.jsdt.ui,1.1.102.v201201131900,"org.eclipse.wst.jsdt.ui.CompilationUnitEditor",1331035665265
activated,view,org.eclipse.wst.jsdt.ui,1.1.102.v201201131900,"org.eclipse.wst.jsdt.ui.PackageExplorer",1331035669357
opened,editor,com.aptana.ide.editor.html,2.0.0.1278523018,"com.aptana.ide.editors.HTMLEditor",1331035671080
activated,editor,com.aptana.ide.editor.html,2.0.0.1278523018,"com.aptana.ide.editors.HTMLEditor",1331035671197
activated,editor,org.eclipse.wst.jsdt.ui,1.1.102.v201201131900,"org.eclipse.wst.jsdt.ui.CompilationUnitEditor",1331035686516
activated,editor,com.aptana.ide.editor.html,2.0.0.1278523018,"com.aptana.ide.editors.HTMLEditor",1331035693225
activated,editor,org.eclipse.wst.jsdt.ui,1.1.102.v201201131900,"org.eclipse.wst.jsdt.ui.CompilationUnitEditor",1331035696662
deactivated,workbench,org.eclipse.ui.workbench,3.7.1.v20120104-1859,"",1331035698343
activated,workbench,org.eclipse.ui.workbench,3.7.1.v20120104-1859,"",1331035729256
deactivated,workbench,org.eclipse.ui.workbench,3.7.1.v20120104-1859,"",1331035734293
activated,workbench,org.eclipse.ui.workbench,3.7.1.v20120104-1859,"",1331035739926
deactivated,workbench,org.eclipse.ui.workbench,3.7.1.v20120104-1859,"",1331035748088
activated,workbench,org.eclipse.ui.workbench,3.7.1.v20120104-1859,"",1331035759688
activated,editor,com.aptana.ide.editor.html,2.0.0.1278523018,"com.aptana.ide.editors.HTMLEditor",1331035762820
activated,editor,org.eclipse.wst.jsdt.ui,1.1.102.v201201131900,"org.eclipse.wst.jsdt.ui.CompilationUnitEditor",1331035762948
closed,editor,com.aptana.ide.editor.html,2.0.0.1278523018,"com.aptana.ide.editors.HTMLEditor",1331035762948
closed,editor,org.eclipse.wst.jsdt.ui,1.1.102.v201201131900,"org.eclipse.wst.jsdt.ui.CompilationUnitEditor",1331035764306
activated,view,org.eclipse.wst.jsdt.ui,1.1.102.v201201131900,"org.eclipse.wst.jsdt.ui.PackageExplorer",1331035767097
activated,view,org.eclipse.wst.jsdt.ui,1.1.102.v201201131900,"org.eclipse.wst.jsdt.ui.PackageExplorer",1331035768236
deactivated,workbench,org.eclipse.ui.workbench,3.7.1.v20120104-1859,"",1331035789081
started,bundle,org.eclipse.wst.xml.ui,1.1.202.v201112071516,"org.eclipse.wst.xml.ui",1331035794671
started,bundle,org.eclipse.wst.jsdt.web.ui,1.0.401.v201108152113,"org.eclipse.wst.jsdt.web.ui",1331035794923
started,bundle,org.eclipse.wst.css.ui,1.0.601.v201201101544,"org.eclipse.wst.css.ui",1331035794928
started,bundle,org.eclipse.wst.dtd.ui,1.0.600.v201103171359,"org.eclipse.wst.dtd.ui",1331035795026
started,bundle,org.eclipse.wst.jsdt.web.core,1.0.401.v201108152113,"org.eclipse.wst.jsdt.web.core",1331035795103
activated,workbench,org.eclipse.ui.workbench,3.7.1.v20120104-1859,"",1331035799518
executed,command,org.eclipse.ui,3.7.0.v20110928-1505,"org.eclipse.ui.newWizard",1331035799531
opened,editor,com.aptana.ide.editor.html,2.0.0.1278523018,"com.aptana.ide.editors.HTMLEditor",1331035799820
activated,editor,com.aptana.ide.editor.html,2.0.0.1278523018,"com.aptana.ide.editors.HTMLEditor",1331035799872
activated,view,org.eclipse.wst.jsdt.ui,1.1.102.v201201131900,"org.eclipse.wst.jsdt.ui.PackageExplorer",1331035803256
deactivated,workbench,org.eclipse.ui.workbench,3.7.1.v20120104-1859,"",1331035810652
activated,workbench,org.eclipse.ui.workbench,3.7.1.v20120104-1859,"",1331035818349
executed,command,org.eclipse.ui,3.7.0.v20110928-1505,"org.eclipse.ui.newWizard",1331035818365
opened,editor,com.aptana.ide.editor.css,2.0.0.1257380403,"com.aptana.ide.editors.CSSEditor",1331035818810
activated,editor,com.aptana.ide.editor.css,2.0.0.1257380403,"com.aptana.ide.editors.CSSEditor",1331035818888
activated,editor,com.aptana.ide.editor.html,2.0.0.1278523018,"com.aptana.ide.editors.HTMLEditor",1331035821429
activated,editor,com.aptana.ide.editor.css,2.0.0.1257380403,"com.aptana.ide.editors.CSSEditor",1331035822728
activated,view,org.eclipse.wst.jsdt.ui,1.1.102.v201201131900,"org.eclipse.wst.jsdt.ui.PackageExplorer",1331035831624
deactivated,workbench,org.eclipse.ui.workbench,3.7.1.v20120104-1859,"",1331035835797
activated,workbench,org.eclipse.ui.workbench,3.7.1.v20120104-1859,"",1331035896798
executed,command,org.eclipse.ui,3.7.0.v20110928-1505,"org.eclipse.ui.newWizard",1331035896811
opened,editor,com.aptana.ide.editor.css,2.0.0.1257380403,"com.aptana.ide.editors.CSSEditor",1331035897100
activated,editor,com.aptana.ide.editor.css,2.0.0.1257380403,"com.aptana.ide.editors.CSSEditor",1331035897150
activated,editor,com.aptana.ide.editor.css,2.0.0.1257380403,"com.aptana.ide.editors.CSSEditor",1331035899129
activated,editor,com.aptana.ide.editor.css,2.0.0.1257380403,"com.aptana.ide.editors.CSSEditor",1331035900893
activated,editor,com.aptana.ide.editor.css,2.0.0.1257380403,"com.aptana.ide.editors.CSSEditor",1331035902142
closed,editor,com.aptana.ide.editor.css,2.0.0.1257380403,"com.aptana.ide.editors.CSSEditor",1331035902142
activated,view,org.eclipse.wst.jsdt.ui,1.1.102.v201201131900,"org.eclipse.wst.jsdt.ui.PackageExplorer",1331035904224
deactivated,workbench,org.eclipse.ui.workbench,3.7.1.v20120104-1859,"",1331035906488
activated,workbench,org.eclipse.ui.workbench,3.7.1.v20120104-1859,"",1331035906809
executed,command,org.eclipse.ui,3.7.0.v20110928-1505,"org.eclipse.ui.edit.delete",1331035906818
deactivated,workbench,org.eclipse.ui.workbench,3.7.1.v20120104-1859,"",1331035908257
activated,workbench,org.eclipse.ui.workbench,3.7.1.v20120104-1859,"",1331035927810
deactivated,workbench,org.eclipse.ui.workbench,3.7.1.v20120104-1859,"",1331035933236
opened,editor,org.eclipse.wst.jsdt.ui,1.1.102.v201201131900,"org.eclipse.wst.jsdt.ui.CompilationUnitEditor",1331035970879
activated,editor,org.eclipse.wst.jsdt.ui,1.1.102.v201201131900,"org.eclipse.wst.jsdt.ui.CompilationUnitEditor",1331035970954
activated,workbench,org.eclipse.ui.workbench,3.7.1.v20120104-1859,"",1331035971125
executed,command,org.eclipse.ui,3.7.0.v20110928-1505,"org.eclipse.ui.newWizard",1331035971141
activated,editor,com.aptana.ide.editor.css,2.0.0.1257380403,"com.aptana.ide.editors.CSSEditor",1331035974854
activated,editor,com.aptana.ide.editor.html,2.0.0.1278523018,"com.aptana.ide.editors.HTMLEditor",1331035976003
activated,editor,org.eclipse.wst.jsdt.ui,1.1.102.v201201131900,"org.eclipse.wst.jsdt.ui.CompilationUnitEditor",1331035977412
deactivated,workbench,org.eclipse.ui.workbench,3.7.1.v20120104-1859,"",1331035979735
activated,workbench,org.eclipse.ui.workbench,3.7.1.v20120104-1859,"",1331035988276
activated,editor,com.aptana.ide.editor.css,2.0.0.1257380403,"com.aptana.ide.editors.CSSEditor",1331035992259
activated,editor,com.aptana.ide.editor.html,2.0.0.1278523018,"com.aptana.ide.editors.HTMLEditor",1331035993943
activated,editor,com.aptana.ide.editor.css,2.0.0.1257380403,"com.aptana.ide.editors.CSSEditor",1331035995773
activated,editor,org.eclipse.wst.jsdt.ui,1.1.102.v201201131900,"org.eclipse.wst.jsdt.ui.CompilationUnitEditor",1331036000410
activated,editor,com.aptana.ide.editor.html,2.0.0.1278523018,"com.aptana.ide.editors.HTMLEditor",1331036001617
activated,editor,org.eclipse.wst.jsdt.ui,1.1.102.v201201131900,"org.eclipse.wst.jsdt.ui.CompilationUnitEditor",1331036003496
deactivated,workbench,org.eclipse.ui.workbench,3.7.1.v20120104-1859,"",1331036008477
activated,workbench,org.eclipse.ui.workbench,3.7.1.v20120104-1859,"",1331036113766
executed,command,org.eclipse.ui,3.7.0.v20110928-1505,"org.eclipse.ui.window.preferences",1331036113795
activated,editor,com.aptana.ide.editor.css,2.0.0.1257380403,"com.aptana.ide.editors.CSSEditor",1331036117146
activated,editor,org.eclipse.wst.jsdt.ui,1.1.102.v201201131900,"org.eclipse.wst.jsdt.ui.CompilationUnitEditor",1331036118465
activated,editor,com.aptana.ide.editor.css,2.0.0.1257380403,"com.aptana.ide.editors.CSSEditor",1331036121455
activated,editor,org.eclipse.wst.jsdt.ui,1.1.102.v201201131900,"org.eclipse.wst.jsdt.ui.CompilationUnitEditor",1331036124146
activated,editor,com.aptana.ide.editor.css,2.0.0.1257380403,"com.aptana.ide.editors.CSSEditor",1331036127322
closed,editor,org.eclipse.wst.jsdt.ui,1.1.102.v201201131900,"org.eclipse.wst.jsdt.ui.CompilationUnitEditor",1331036127322
activated,editor,com.aptana.ide.editor.html,2.0.0.1278523018,"com.aptana.ide.editors.HTMLEditor",1331036129210
closed,editor,com.aptana.ide.editor.css,2.0.0.1257380403,"com.aptana.ide.editors.CSSEditor",1331036129210
activated,view,org.eclipse.wst.jsdt.ui,1.1.102.v201201131900,"org.eclipse.wst.jsdt.ui.PackageExplorer",1331036130596
closed,editor,com.aptana.ide.editor.html,2.0.0.1278523018,"com.aptana.ide.editors.HTMLEditor",1331036130596
deactivated,workbench,org.eclipse.ui.workbench,3.7.1.v20120104-1859,"",1331036136074
activated,workbench,org.eclipse.ui.workbench,3.7.1.v20120104-1859,"",1331036156916
executed,command,org.eclipse.ui,3.7.0.v20110928-1505,"org.eclipse.ui.window.preferences",1331036156940
opened,editor,org.eclipse.wst.jsdt.ui,1.1.102.v201201131900,"org.eclipse.wst.jsdt.ui.CompilationUnitEditor",1331036159211
activated,editor,org.eclipse.wst.jsdt.ui,1.1.102.v201201131900,"org.eclipse.wst.jsdt.ui.CompilationUnitEditor",1331036159244
activated,view,org.eclipse.wst.jsdt.ui,1.1.102.v201201131900,"org.eclipse.wst.jsdt.ui.PackageExplorer",1331036161009
opened,editor,com.aptana.ide.editor.css,2.0.0.1257380403,"com.aptana.ide.editors.CSSEditor",1331036161372
activated,editor,com.aptana.ide.editor.css,2.0.0.1257380403,"com.aptana.ide.editors.CSSEditor",1331036161503
activated,editor,org.eclipse.wst.jsdt.ui,1.1.102.v201201131900,"org.eclipse.wst.jsdt.ui.CompilationUnitEditor",1331036164345
closed,editor,com.aptana.ide.editor.css,2.0.0.1257380403,"com.aptana.ide.editors.CSSEditor",1331036164345
deactivated,workbench,org.eclipse.ui.workbench,3.7.1.v20120104-1859,"",1331036166388
activated,workbench,org.eclipse.ui.workbench,3.7.1.v20120104-1859,"",1331036287807
activated,view,org.eclipse.wst.jsdt.ui,1.1.102.v201201131900,"org.eclipse.wst.jsdt.ui.PackageExplorer",1331036291264
closed,editor,org.eclipse.wst.jsdt.ui,1.1.102.v201201131900,"org.eclipse.wst.jsdt.ui.CompilationUnitEditor",1331036291264
deactivated,workbench,org.eclipse.ui.workbench,3.7.1.v20120104-1859,"",1331036295062
activated,workbench,org.eclipse.ui.workbench,3.7.1.v20120104-1859,"",1331036331976
executed,command,org.eclipse.ui,3.7.0.v20110928-1505,"org.eclipse.ui.window.preferences",1331036331992
opened,editor,org.eclipse.wst.jsdt.ui,1.1.102.v201201131900,"org.eclipse.wst.jsdt.ui.CompilationUnitEditor",1331036334445
activated,editor,org.eclipse.wst.jsdt.ui,1.1.102.v201201131900,"org.eclipse.wst.jsdt.ui.CompilationUnitEditor",1331036334482
activated,view,org.eclipse.wst.jsdt.ui,1.1.102.v201201131900,"org.eclipse.wst.jsdt.ui.PackageExplorer",1331036342662
opened,editor,com.aptana.ide.editor.css,2.0.0.1257380403,"com.aptana.ide.editors.CSSEditor",1331036343116
activated,editor,com.aptana.ide.editor.css,2.0.0.1257380403,"com.aptana.ide.editors.CSSEditor",1331036343210
activated,editor,org.eclipse.wst.jsdt.ui,1.1.102.v201201131900,"org.eclipse.wst.jsdt.ui.CompilationUnitEditor",1331036345207
closed,editor,com.aptana.ide.editor.css,2.0.0.1257380403,"com.aptana.ide.editors.CSSEditor",1331036345207
deactivated,workbench,org.eclipse.ui.workbench,3.7.1.v20120104-1859,"",1331036358059
activated,workbench,org.eclipse.ui.workbench,3.7.1.v20120104-1859,"",1331036372237
activated,view,org.eclipse.wst.jsdt.ui,1.1.102.v201201131900,"org.eclipse.wst.jsdt.ui.PackageExplorer",1331036381131
opened,editor,com.aptana.ide.editor.html,2.0.0.1278523018,"com.aptana.ide.editors.HTMLEditor",1331036381417
activated,editor,com.aptana.ide.editor.html,2.0.0.1278523018,"com.aptana.ide.editors.HTMLEditor",1331036381595
deactivated,workbench,org.eclipse.ui.workbench,3.7.1.v20120104-1859,"",1331036388727
activated,workbench,org.eclipse.ui.workbench,3.7.1.v20120104-1859,"",1331036435353
activated,editor,org.eclipse.wst.jsdt.ui,1.1.102.v201201131900,"org.eclipse.wst.jsdt.ui.CompilationUnitEditor",1331036439273
activated,editor,com.aptana.ide.editor.html,2.0.0.1278523018,"com.aptana.ide.editors.HTMLEditor",1331036456464
activated,editor,org.eclipse.wst.jsdt.ui,1.1.102.v201201131900,"org.eclipse.wst.jsdt.ui.CompilationUnitEditor",1331036460818
activated,editor,com.aptana.ide.editor.html,2.0.0.1278523018,"com.aptana.ide.editors.HTMLEditor",1331036462957
deactivated,workbench,org.eclipse.ui.workbench,3.7.1.v20120104-1859,"",1331036467175
activated,workbench,org.eclipse.ui.workbench,3.7.1.v20120104-1859,"",1331036545090
executed,command,org.eclipse.ui,3.7.0.v20110928-1505,"org.eclipse.ui.window.preferences",1331036545114
activated,editor,org.eclipse.wst.jsdt.ui,1.1.102.v201201131900,"org.eclipse.wst.jsdt.ui.CompilationUnitEditor",1331036546574
activated,editor,com.aptana.ide.editor.html,2.0.0.1278523018,"com.aptana.ide.editors.HTMLEditor",1331036557002
activated,editor,org.eclipse.wst.jsdt.ui,1.1.102.v201201131900,"org.eclipse.wst.jsdt.ui.CompilationUnitEditor",1331036562183
deactivated,workbench,org.eclipse.ui.workbench,3.7.1.v20120104-1859,"",1331036570972
activated,workbench,org.eclipse.ui.workbench,3.7.1.v20120104-1859,"",1331036578921
deactivated,workbench,org.eclipse.ui.workbench,3.7.1.v20120104-1859,"",1331036584353
activated,workbench,org.eclipse.ui.workbench,3.7.1.v20120104-1859,"",1331036668959
executed,command,org.eclipse.ui,3.7.0.v20110928-1505,"org.eclipse.ui.window.preferences",1331036668996
deactivated,workbench,org.eclipse.ui.workbench,3.7.1.v20120104-1859,"",1331036671947
activated,workbench,org.eclipse.ui.workbench,3.7.1.v20120104-1859,"",1331036677797
deactivated,workbench,org.eclipse.ui.workbench,3.7.1.v20120104-1859,"",1331036681523
activated,workbench,org.eclipse.ui.workbench,3.7.1.v20120104-1859,"",1331036771687
deactivated,workbench,org.eclipse.ui.workbench,3.7.1.v20120104-1859,"",1331036779457
activated,workbench,org.eclipse.ui.workbench,3.7.1.v20120104-1859,"",1331036810870
executed,command,org.eclipse.ui,3.7.0.v20110928-1505,"org.eclipse.ui.window.preferences",1331036810906
deactivated,workbench,org.eclipse.ui.workbench,3.7.1.v20120104-1859,"",1331036813602
activated,workbench,org.eclipse.ui.workbench,3.7.1.v20120104-1859,"",1331036816766
activated,editor,com.aptana.ide.editor.html,2.0.0.1278523018,"com.aptana.ide.editors.HTMLEditor",1331036817132
closed,editor,org.eclipse.wst.jsdt.ui,1.1.102.v201201131900,"org.eclipse.wst.jsdt.ui.CompilationUnitEditor",1331036817132
activated,view,org.eclipse.wst.jsdt.ui,1.1.102.v201201131900,"org.eclipse.wst.jsdt.ui.PackageExplorer",1331036819104
opened,editor,org.eclipse.wst.jsdt.ui,1.1.102.v201201131900,"org.eclipse.wst.jsdt.ui.CompilationUnitEditor",1331036819323
activated,editor,org.eclipse.wst.jsdt.ui,1.1.102.v201201131900,"org.eclipse.wst.jsdt.ui.CompilationUnitEditor",1331036819414
activated,editor,com.aptana.ide.editor.html,2.0.0.1278523018,"com.aptana.ide.editors.HTMLEditor",1331036824577
closed,editor,org.eclipse.wst.jsdt.ui,1.1.102.v201201131900,"org.eclipse.wst.jsdt.ui.CompilationUnitEditor",1331036824577
deactivated,workbench,org.eclipse.ui.workbench,3.7.1.v20120104-1859,"",1331036828573
activated,workbench,org.eclipse.ui.workbench,3.7.1.v20120104-1859,"",1331036863127
executed,command,org.eclipse.ui,3.7.0.v20110928-1505,"org.eclipse.ui.window.preferences",1331036863166
activated,view,org.eclipse.wst.jsdt.ui,1.1.102.v201201131900,"org.eclipse.wst.jsdt.ui.PackageExplorer",1331036866160
opened,editor,org.eclipse.wst.jsdt.ui,1.1.102.v201201131900,"org.eclipse.wst.jsdt.ui.CompilationUnitEditor",1331036866352
activated,editor,org.eclipse.wst.jsdt.ui,1.1.102.v201201131900,"org.eclipse.wst.jsdt.ui.CompilationUnitEditor",1331036866443
deactivated,workbench,org.eclipse.ui.workbench,3.7.1.v20120104-1859,"",1331036872955
activated,workbench,org.eclipse.ui.workbench,3.7.1.v20120104-1859,"",1331036929358
activated,editor,com.aptana.ide.editor.html,2.0.0.1278523018,"com.aptana.ide.editors.HTMLEditor",1331036938402
activated,editor,org.eclipse.wst.jsdt.ui,1.1.102.v201201131900,"org.eclipse.wst.jsdt.ui.CompilationUnitEditor",1331036941565
deactivated,workbench,org.eclipse.ui.workbench,3.7.1.v20120104-1859,"",1331036948160
activated,workbench,org.eclipse.ui.workbench,3.7.1.v20120104-1859,"",1331036985333
activated,editor,com.aptana.ide.editor.html,2.0.0.1278523018,"com.aptana.ide.editors.HTMLEditor",1331036991750
activated,editor,org.eclipse.wst.jsdt.ui,1.1.102.v201201131900,"org.eclipse.wst.jsdt.ui.CompilationUnitEditor",1331036993514
deactivated,workbench,org.eclipse.ui.workbench,3.7.1.v20120104-1859,"",1331037000773
activated,workbench,org.eclipse.ui.workbench,3.7.1.v20120104-1859,"",1331037132791
executed,command,org.eclipse.ui,3.7.0.v20110928-1505,"org.eclipse.ui.window.preferences",1331037132827
activated,editor,com.aptana.ide.editor.html,2.0.0.1278523018,"com.aptana.ide.editors.HTMLEditor",1331037133814
deactivated,workbench,org.eclipse.ui.workbench,3.7.1.v20120104-1859,"",1331037136917
activated,workbench,org.eclipse.ui.workbench,3.7.1.v20120104-1859,"",1331037242809
activated,editor,org.eclipse.wst.jsdt.ui,1.1.102.v201201131900,"org.eclipse.wst.jsdt.ui.CompilationUnitEditor",1331037244196
activated,editor,com.aptana.ide.editor.html,2.0.0.1278523018,"com.aptana.ide.editors.HTMLEditor",1331037247735
activated,editor,org.eclipse.wst.jsdt.ui,1.1.102.v201201131900,"org.eclipse.wst.jsdt.ui.CompilationUnitEditor",1331037249678
deactivated,workbench,org.eclipse.ui.workbench,3.7.1.v20120104-1859,"",1331037266269
activated,workbench,org.eclipse.ui.workbench,3.7.1.v20120104-1859,"",1331037467764
executed,command,org.eclipse.ui,3.7.0.v20110928-1505,"org.eclipse.ui.window.preferences",1331037467805
deactivated,workbench,org.eclipse.ui.workbench,3.7.1.v20120104-1859,"",1331037472999
activated,workbench,org.eclipse.ui.workbench,3.7.1.v20120104-1859,"",1331037474847
activated,editor,com.aptana.ide.editor.html,2.0.0.1278523018,"com.aptana.ide.editors.HTMLEditor",1331037475103
closed,editor,org.eclipse.wst.jsdt.ui,1.1.102.v201201131900,"org.eclipse.wst.jsdt.ui.CompilationUnitEditor",1331037475103
activated,view,org.eclipse.wst.jsdt.ui,1.1.102.v201201131900,"org.eclipse.wst.jsdt.ui.PackageExplorer",1331037476163
error,log,,,"Plug-in 'org.eclipse.eclipsemonkey' contributed an invalid Menu Extension (Path: 'org.eclipse.eclipsemonkey.navigatorContextMenu' is invalid): org.eclipse.eclipsemonkey.action2js",1331037476303
error,log,,,"Plug-in 'org.eclipse.eclipsemonkey' contributed an invalid Menu Extension (Path: 'org.eclipse.eclipsemonkey.navigatorContextMenu' is invalid): org.eclipse.eclipsemonkey.action4js",1331037476304
error,log,,,"Plug-in 'org.eclipse.eclipsemonkey' contributed an invalid Menu Extension (Path: 'org.eclipse.eclipsemonkey.navigatorContextMenu' is invalid): org.eclipse.eclipsemonkey.action5js",1331037476305
error,log,,,"Plug-in 'org.eclipse.eclipsemonkey' contributed an invalid Menu Extension (Path: 'org.eclipse.eclipsemonkey.navigatorContextMenu' is invalid): org.eclipse.eclipsemonkey.action6js",1331037476306
deactivated,workbench,org.eclipse.ui.workbench,3.7.1.v20120104-1859,"",1331037478926
activated,workbench,org.eclipse.ui.workbench,3.7.1.v20120104-1859,"",1331037479647
executed,command,org.eclipse.ui,3.7.0.v20110928-1505,"org.eclipse.ui.edit.delete",1331037479659
deactivated,workbench,org.eclipse.ui.workbench,3.7.1.v20120104-1859,"",1331037490750
opened,editor,org.eclipse.wst.jsdt.ui,1.1.102.v201201131900,"org.eclipse.wst.jsdt.ui.CompilationUnitEditor",1331037519588
activated,editor,org.eclipse.wst.jsdt.ui,1.1.102.v201201131900,"org.eclipse.wst.jsdt.ui.CompilationUnitEditor",1331037519650
activated,workbench,org.eclipse.ui.workbench,3.7.1.v20120104-1859,"",1331037519845
executed,command,org.eclipse.ui,3.7.0.v20110928-1505,"org.eclipse.ui.newWizard",1331037519928
deactivated,workbench,org.eclipse.ui.workbench,3.7.1.v20120104-1859,"",1331037530369
